stock_code,stock_name,stock_index,total_events,overall_success_rate,overall_avg_mdd,overall_avg_return,dominant_combo,dominant_count,best_combo,best_combo_rate,best_combo_count,worst_combo,worst_combo_rate,combo_details
280360,롯데웰푸드,KOSPI200,4,100.0,-2.88,8.6,A1(외+연),2,A1(외+연),100.0,2,A1(외+연),100.0,A1(외+연):100%/2건 | A2(외+사):100%/1건 | B2(연+사):100%/1건
030200,KT,KOSPI200,35,85.7,-3.68,3.39,B2(연+사),32,B2(연+사),87.5,32,B1(외+투신),50.0,A2(외+사):100%/1건 | B1(외+투신):50%/2건 | B2(연+사):88%/32건
271560,오리온,KOSPI200,68,79.4,-3.5,6.21,A1(외+연),33,B1(외+투신),100.0,5,A2(외+사),50.0,S(외+연+사):82%/17건 | A1(외+연):76%/33건 | A2(외+사):50%/2건 | B1(외+투신):100%/5건 | B2(연+사):82%/11건
033780,KT&G,KOSPI200,98,78.6,-4.14,3.21,S(외+연+사),50,B1(외+투신),100.0,3,A2(외+사),62.5,S(외+연+사):78%/50건 | A1(외+연):79%/34건 | A2(외+사):62%/8건 | B1(외+투신):100%/3건 | B2(연+사):100%/3건
024110,기업은행,KOSPI200,49,77.6,-4.71,4.38,A1(외+연),31,S(외+연+사),100.0,2,A2(외+사),71.4,S(외+연+사):100%/2건 | A1(외+연):74%/31건 | A2(외+사):71%/7건 | B1(외+투신):89%/9건
316140,우리금융지주,KOSPI200,90,75.6,-5.35,6.12,A1(외+연),32,A2(외+사),100.0,8,A1(외+연),65.6,S(외+연+사):71%/31건 | A1(외+연):66%/32건 | A2(외+사):100%/8건 | B1(외+투신):100%/10건 | B2(연+사):78%/9건
035250,강원랜드,KOSPI200,31,74.2,-3.74,2.32,A1(외+연),24,S(외+연+사),100.0,2,A2(외+사),50.0,S(외+연+사):100%/2건 | A1(외+연):71%/24건 | A2(외+사):50%/2건 | B1(외+투신):100%/3건
055550,신한지주,KOSPI200,99,71.7,-4.84,5.72,S(외+연+사),45,A2(외+사),81.8,11,B1(외+투신),40.0,S(외+연+사):71%/45건 | A1(외+연):76%/34건 | A2(외+사):82%/11건 | B1(외+투신):40%/5건 | B2(연+사):50%/4건
086790,하나금융지주,KOSPI200,100,69.0,-5.38,5.05,S(외+연+사),56,A2(외+사),87.5,8,B2(연+사),33.3,S(외+연+사):70%/56건 | A1(외+연):68%/28건 | A2(외+사):88%/8건 | B1(외+투신):60%/5건 | B2(연+사):33%/3건
005940,NH투자증권,KOSPI200,72,68.1,-5.02,11.31,A1(외+연),47,B1(외+투신),100.0,5,S(외+연+사),30.8,S(외+연+사):31%/13건 | A1(외+연):72%/47건 | A2(외+사):67%/3건 | B1(외+투신):100%/5건 | B2(연+사):100%/4건
185750,종근당,KOSPI200,3,66.7,-6.67,-1.98,A1(외+연),2,A1(외+연),50.0,2,A1(외+연),50.0,A1(외+연):50%/2건 | A2(외+사):100%/1건
017670,SK텔레콤,KOSPI200,88,65.9,-4.18,8.37,A1(외+연),42,B1(외+투신),100.0,2,B2(연+사),0.0,S(외+연+사):49%/35건 | A1(외+연):79%/42건 | A2(외+사):86%/7건 | B1(외+투신):100%/2건 | B2(연+사):0%/2건
282330,BGF리테일,KOSPI200,23,65.2,-6.33,5.0,A1(외+연),19,A1(외+연),68.4,19,B1(외+투신),66.7,S(외+연+사):0%/1건 | A1(외+연):68%/19건 | B1(외+투신):67%/3건
000120,CJ대한통운,KOSPI200,37,62.2,-6.9,4.98,A1(외+연),17,B2(연+사),66.7,9,S(외+연+사),55.6,S(외+연+사):56%/9건 | A1(외+연):65%/17건 | A2(외+사):100%/1건 | B1(외+투신):0%/1건 | B2(연+사):67%/9건
030000,제일기획,KOSPI200,39,61.5,-5.11,-0.06,A1(외+연),27,S(외+연+사),100.0,2,B2(연+사),0.0,S(외+연+사):100%/2건 | A1(외+연):67%/27건 | A2(외+사):100%/1건 | B1(외+투신):50%/6건 | B2(연+사):0%/3건
105560,KB금융,KOSPI200,103,61.2,-5.7,5.81,S(외+연+사),64,A1(외+연),84.0,25,S(외+연+사),50.0,S(외+연+사):50%/64건 | A1(외+연):84%/25건 | A2(외+사):60%/5건 | B1(외+투신):67%/3건 | B2(연+사):83%/6건
005930,삼성전자,KOSPI200,103,61.2,-4.35,15.01,S(외+연+사),100,A2(외+사),100.0,2,S(외+연+사),60.0,S(외+연+사):60%/100건 | A1(외+연):100%/1건 | A2(외+사):100%/2건
138930,BNK금융지주,KOSPI200,67,61.2,-5.41,7.4,A1(외+연),23,B2(연+사),83.3,6,B1(외+투신),33.3,S(외+연+사):65%/20건 | A1(외+연):57%/23건 | A2(외+사):78%/9건 | B1(외+투신):33%/9건 | B2(연+사):83%/6건
010950,S-Oil,KOSPI200,90,61.1,-5.47,9.4,S(외+연+사),40,B1(외+투신),100.0,5,S(외+연+사),47.5,S(외+연+사):48%/40건 | A1(외+연):66%/32건 | A2(외+사):80%/5건 | B1(외+투신):100%/5건 | B2(연+사):75%/8건
000270,기아,KOSPI200,102,60.8,-5.03,8.22,S(외+연+사),61,A1(외+연),75.8,33,A2(외+사),0.0,S(외+연+사):56%/61건 | A1(외+연):76%/33건 | A2(외+사):0%/3건 | B1(외+투신):67%/3건 | B2(연+사):50%/2건
005380,현대차,KOSPI200,103,60.2,-5.15,17.74,S(외+연+사),85,A2(외+사),100.0,2,S(외+연+사),57.6,S(외+연+사):58%/85건 | A1(외+연):67%/12건 | A2(외+사):100%/2건 | B1(외+투신):100%/1건 | B2(연+사):67%/3건
068270,셀트리온,KOSPI200,103,60.2,-6.08,3.24,S(외+연+사),66,A2(외+사),80.0,5,B1(외+투신),50.0,S(외+연+사):55%/66건 | A1(외+연):71%/28건 | A2(외+사):80%/5건 | B1(외+투신):50%/2건 | B2(연+사):50%/2건
097950,CJ제일제당,KOSPI200,50,58.0,-6.37,-1.36,A1(외+연),41,S(외+연+사),80.0,5,B1(외+투신),0.0,S(외+연+사):80%/5건 | A1(외+연):61%/41건 | A2(외+사):0%/1건 | B1(외+투신):0%/2건 | B2(연+사):0%/1건
006360,GS건설,KOSPI200,40,57.5,-6.24,8.07,A1(외+연),29,B1(외+투신),75.0,4,S(외+연+사),40.0,S(외+연+사):40%/5건 | A1(외+연):59%/29건 | A2(외+사):100%/1건 | B1(외+투신):75%/4건 | B2(연+사):0%/1건
090430,아모레퍼시픽,KOSPI200,89,57.3,-6.87,3.71,A1(외+연),46,A1(외+연),71.7,46,S(외+연+사),38.5,S(외+연+사):38%/26건 | A1(외+연):72%/46건 | A2(외+사):40%/5건 | B1(외+투신):50%/4건 | B2(연+사):50%/8건
047040,대우건설,KOSPI200,39,56.4,-5.5,79.19,S(외+연+사),15,A1(외+연),71.4,7,B2(연+사),33.3,S(외+연+사):67%/15건 | A1(외+연):71%/7건 | A2(외+사):44%/9건 | B1(외+투신):50%/2건 | B2(연+사):33%/6건
161390,한국타이어앤테크놀로지,KOSPI200,75,56.0,-7.47,7.71,A1(외+연),31,B1(외+투신),81.8,11,B2(연+사),20.0,S(외+연+사):55%/20건 | A1(외+연):55%/31건 | A2(외+사):50%/8건 | B1(외+투신):82%/11건 | B2(연+사):20%/5건
000810,삼성화재,KOSPI200,86,55.8,-6.72,0.91,A1(외+연),54,A1(외+연),63.0,54,B2(연+사),20.0,S(외+연+사):41%/17건 | A1(외+연):63%/54건 | A2(외+사):60%/5건 | B1(외+투신):60%/5건 | B2(연+사):20%/5건
000720,현대건설,KOSPI200,101,55.4,-5.73,21.11,S(외+연+사),68,A1(외+연),80.0,15,B2(연+사),22.2,S(외+연+사):53%/68건 | A1(외+연):80%/15건 | A2(외+사):67%/6건 | B1(외+투신):67%/3건 | B2(연+사):22%/9건
003490,대한항공,KOSPI200,88,54.5,-5.6,2.31,A1(외+연),40,B2(연+사),100.0,3,S(외+연+사),38.9,S(외+연+사):39%/36건 | A1(외+연):57%/40건 | A2(외+사):88%/8건 | B1(외+투신):100%/1건 | B2(연+사):100%/3건
032830,삼성생명,KOSPI200,86,53.5,-5.61,7.6,A1(외+연),48,B1(외+투신),100.0,2,S(외+연+사),32.0,S(외+연+사):32%/25건 | A1(외+연):67%/48건 | A2(외+사):40%/5건 | B1(외+투신):100%/2건 | B2(연+사):33%/6건
028670,팬오션,KOSPI200,32,53.1,-6.77,3.12,A1(외+연),19,A1(외+연),68.4,19,S(외+연+사),0.0,S(외+연+사):0%/7건 | A1(외+연):68%/19건 | A2(외+사):50%/2건 | B1(외+투신):100%/1건 | B2(연+사):67%/3건
028260,삼성물산,KOSPI200,100,53.0,-6.96,6.75,S(외+연+사),56,A2(외+사),75.0,4,S(외+연+사),42.9,S(외+연+사):43%/56건 | A1(외+연):67%/33건 | A2(외+사):75%/4건 | B1(외+투신):50%/2건 | B2(연+사):60%/5건
009150,삼성전기,KOSPI200,104,52.9,-5.8,16.32,S(외+연+사),83,A2(외+사),57.1,7,A1(외+연),28.6,S(외+연+사):57%/83건 | A1(외+연):29%/7건 | A2(외+사):57%/7건 | B1(외+투신):0%/1건 | B2(연+사):33%/6건
000660,SK하이닉스,KOSPI200,104,52.9,-6.21,17.42,S(외+연+사),99,S(외+연+사),52.5,99,A2(외+사),50.0,S(외+연+사):53%/99건 | A2(외+사):50%/4건 | B2(연+사):100%/1건
007070,GS리테일,KOSPI200,19,52.6,-8.42,3.98,B2(연+사),6,S(외+연+사),75.0,4,A1(외+연),25.0,S(외+연+사):75%/4건 | A1(외+연):25%/4건 | A2(외+사):75%/4건 | B1(외+투신):0%/1건 | B2(연+사):50%/6건
139480,이마트,KOSPI200,62,51.6,-8.09,5.02,A1(외+연),42,B1(외+투신),100.0,4,B2(연+사),0.0,S(외+연+사):36%/11건 | A1(외+연):57%/42건 | A2(외+사):0%/1건 | B1(외+투신):100%/4건 | B2(연+사):0%/4건
139130,iM금융지주,KOSPI200,33,51.5,-7.23,2.68,S(외+연+사),9,A1(외+연),75.0,8,S(외+연+사),33.3,S(외+연+사):33%/9건 | A1(외+연):75%/8건 | A2(외+사):60%/5건 | B1(외+투신):50%/6건 | B2(연+사):40%/5건
003550,LG,KOSPI200,63,50.8,-5.29,2.94,A1(외+연),40,B1(외+투신),75.0,4,S(외+연+사),31.2,S(외+연+사):31%/16건 | A1(외+연):57%/40건 | A2(외+사):0%/1건 | B1(외+투신):75%/4건 | B2(연+사):50%/2건
207940,삼성바이오로직스,KOSPI200,85,50.6,-6.84,1.12,S(외+연+사),53,A2(외+사),66.7,3,A1(외+연),40.9,S(외+연+사):55%/53건 | A1(외+연):41%/22건 | A2(외+사):67%/3건 | B1(외+투신):0%/1건 | B2(연+사):50%/6건
352820,하이브,KOSPI200,101,50.5,-8.23,3.04,S(외+연+사),67,B2(연+사),66.7,3,A2(외+사),40.0,S(외+연+사):51%/67건 | A1(외+연):53%/19건 | A2(외+사):40%/10건 | B1(외+투신):50%/2건 | B2(연+사):67%/3건
032640,LG유플러스,KOSPI200,38,50.0,-5.5,1.82,A1(외+연),32,A1(외+연),53.1,32,B1(외+투신),0.0,S(외+연+사):50%/2건 | A1(외+연):53%/32건 | A2(외+사):0%/1건 | B1(외+투신):0%/2건 | B2(연+사):100%/1건
034730,SK,KOSPI200,98,50.0,-6.05,8.84,S(외+연+사),50,B1(외+투신),100.0,2,A2(외+사),28.6,S(외+연+사):42%/50건 | A1(외+연):62%/37건 | A2(외+사):29%/7건 | B1(외+투신):100%/2건 | B2(연+사):50%/2건
012750,에스원,KOSPI200,6,50.0,-4.69,8.34,A1(외+연),4,A1(외+연),50.0,4,A1(외+연),50.0,A1(외+연):50%/4건 | B1(외+투신):50%/2건
029780,삼성카드,KOSPI200,12,50.0,-5.75,-1.1,A2(외+사),5,A2(외+사),80.0,5,B2(연+사),0.0,A1(외+연):50%/2건 | A2(외+사):80%/5건 | B1(외+투신):100%/1건 | B2(연+사):0%/4건
023530,롯데쇼핑,KOSPI200,34,50.0,-7.98,10.83,S(외+연+사),10,A1(외+연),80.0,10,A2(외+사),0.0,S(외+연+사):20%/10건 | A1(외+연):80%/10건 | A2(외+사):0%/2건 | B1(외+투신):50%/4건 | B2(연+사):62%/8건
051900,LG생활건강,KOSPI200,67,49.3,-7.71,-3.38,A1(외+연),36,B2(연+사),75.0,4,A1(외+연),41.7,S(외+연+사):50%/12건 | A1(외+연):42%/36건 | A2(외+사):62%/13건 | B1(외+투신):50%/2건 | B2(연+사):75%/4건
195940,HK이노엔,KOSDAQ150,39,48.7,-8.45,2.72,A1(외+연),11,S(외+연+사),75.0,8,B1(외+투신),30.0,S(외+연+사):75%/8건 | A1(외+연):55%/11건 | A2(외+사):40%/10건 | B1(외+투신):30%/10건
011200,HMM,KOSPI200,74,48.6,-5.93,0.43,A1(외+연),54,A2(외+사),66.7,3,S(외+연+사),42.9,S(외+연+사):43%/14건 | A1(외+연):48%/54건 | A2(외+사):67%/3건 | B1(외+투신):67%/3건
010120,LS ELECTRIC,KOSPI200,99,48.5,-6.02,19.99,S(외+연+사),74,B2(연+사),100.0,2,A2(외+사),44.4,S(외+연+사):46%/74건 | A1(외+연):58%/12건 | A2(외+사):44%/9건 | B1(외+투신):50%/2건 | B2(연+사):100%/2건
001450,현대해상,KOSPI200,54,48.1,-8.02,3.16,A1(외+연),27,B1(외+투신),85.7,7,S(외+연+사),9.1,S(외+연+사):9%/11건 | A1(외+연):52%/27건 | A2(외+사):50%/8건 | B1(외+투신):86%/7건 | B2(연+사):100%/1건
272210,한화시스템,KOSPI200,98,48.0,-8.52,22.42,S(외+연+사),62,A1(외+연),73.9,23,A2(외+사),16.7,S(외+연+사):44%/62건 | A1(외+연):74%/23건 | A2(외+사):17%/6건 | B1(외+투신):0%/1건 | B2(연+사):33%/6건
002380,KCC,KOSPI200,59,47.5,-7.45,4.22,S(외+연+사),18,B1(외+투신),75.0,4,A2(외+사),35.7,S(외+연+사):44%/18건 | A1(외+연):43%/14건 | A2(외+사):36%/14건 | B1(외+투신):75%/4건 | B2(연+사):67%/9건
058470,리노공업,KOSDAQ150,91,47.3,-5.59,14.58,S(외+연+사),37,B2(연+사),66.7,3,S(외+연+사),37.8,S(외+연+사):38%/37건 | A1(외+연):57%/23건 | A2(외+사):38%/13건 | B1(외+투신):60%/15건 | B2(연+사):67%/3건
069960,현대백화점,KOSPI200,41,46.3,-8.32,-0.21,A1(외+연),17,B2(연+사),53.8,13,S(외+연+사),33.3,S(외+연+사):33%/9건 | A1(외+연):47%/17건 | A2(외+사):50%/2건 | B2(연+사):54%/13건
039490,키움증권,KOSPI200,95,46.3,-7.92,11.2,S(외+연+사),51,B2(연+사),62.5,8,A2(외+사),28.6,S(외+연+사):43%/51건 | A1(외+연):52%/25건 | A2(외+사):29%/7건 | B1(외+투신):50%/4건 | B2(연+사):62%/8건
086280,현대글로비스,KOSPI200,93,46.2,-7.59,7.71,S(외+연+사),48,A2(외+사),66.7,6,S(외+연+사),29.2,S(외+연+사):29%/48건 | A1(외+연):65%/34건 | A2(외+사):67%/6건 | B1(외+투신):67%/3건 | B2(연+사):50%/2건
067160,SOOP,KOSDAQ150,13,46.2,-5.7,-2.83,A2(외+사),7,B1(외+투신),100.0,3,A2(외+사),28.6,A1(외+연):33%/3건 | A2(외+사):29%/7건 | B1(외+투신):100%/3건
004370,농심,KOSPI200,39,46.2,-6.11,-2.26,A1(외+연),21,B2(연+사),100.0,2,S(외+연+사),33.3,S(외+연+사):33%/6건 | A1(외+연):33%/21건 | A2(외+사):33%/3건 | B1(외+투신):86%/7건 | B2(연+사):100%/2건
005850,에스엘,KOSPI200,35,45.7,-6.17,11.63,A1(외+연),17,A1(외+연),52.9,17,B2(연+사),0.0,S(외+연+사):40%/10건 | A1(외+연):53%/17건 | A2(외+사):50%/4건 | B1(외+투신):50%/2건 | B2(연+사):0%/2건
277810,레인보우로보틱스,KOSDAQ150,95,45.3,-9.44,14.93,S(외+연+사),43,B1(외+투신),60.0,10,A2(외+사),41.4,S(외+연+사):44%/43건 | A1(외+연):45%/11건 | A2(외+사):41%/29건 | B1(외+투신):60%/10건 | B2(연+사):50%/2건
069620,대웅제약,KOSPI200,29,44.8,-6.25,6.01,A1(외+연),10,S(외+연+사),50.0,6,B1(외+투신),25.0,S(외+연+사):50%/6건 | A1(외+연):50%/10건 | A2(외+사):43%/7건 | B1(외+투신):25%/4건 | B2(연+사):50%/2건
012330,현대모비스,KOSPI200,99,44.4,-7.2,6.2,S(외+연+사),60,A2(외+사),50.0,4,B2(연+사),25.0,S(외+연+사):47%/60건 | A1(외+연):41%/27건 | A2(외+사):50%/4건 | B1(외+투신):50%/4건 | B2(연+사):25%/4건
073240,금호타이어,KOSPI200,9,44.4,-6.01,9.38,A1(외+연),6,A1(외+연),66.7,6,A1(외+연),66.7,S(외+연+사):0%/1건 | A1(외+연):67%/6건 | B1(외+투신):0%/1건 | B2(연+사):0%/1건
017800,현대엘리베이터,KOSPI200,79,44.3,-8.71,2.0,A1(외+연),36,A2(외+사),66.7,6,B2(연+사),33.3,S(외+연+사):34%/29건 | A1(외+연):47%/36건 | A2(외+사):67%/6건 | B1(외+투신):60%/5건 | B2(연+사):33%/3건
005490,POSCO홀딩스,KOSPI200,100,44.0,-6.5,3.48,S(외+연+사),60,B2(연+사),50.0,2,B1(외+투신),0.0,S(외+연+사):43%/60건 | A1(외+연):48%/33건 | A2(외+사):33%/3건 | B1(외+투신):0%/2건 | B2(연+사):50%/2건
047810,한국항공우주,KOSPI200,96,43.8,-6.38,13.3,S(외+연+사),59,A2(외+사),50.0,10,B1(외+투신),33.3,S(외+연+사):42%/59건 | A1(외+연):43%/23건 | A2(외+사):50%/10건 | B1(외+투신):33%/3건 | B2(연+사):100%/1건
042700,한미반도체,KOSPI200,100,43.0,-7.75,21.41,S(외+연+사),50,B2(연+사),66.7,3,S(외+연+사),38.0,S(외+연+사):38%/50건 | A1(외+연):45%/29건 | A2(외+사):54%/13건 | B1(외+투신):40%/5건 | B2(연+사):67%/3건
004000,롯데정밀화학,KOSPI200,7,42.9,-4.91,1.36,A1(외+연),7,A1(외+연),42.9,7,A1(외+연),42.9,A1(외+연):43%/7건
050890,쏠리드,KOSDAQ150,7,42.9,-9.53,9.85,S(외+연+사),3,S(외+연+사),66.7,3,A1(외+연),0.0,S(외+연+사):67%/3건 | A1(외+연):0%/3건 | A2(외+사):100%/1건
009970,영원무역홀딩스,KOSPI200,7,42.9,-5.43,11.21,A1(외+연),4,B2(연+사),100.0,2,A1(외+연),25.0,S(외+연+사):0%/1건 | A1(외+연):25%/4건 | B2(연+사):100%/2건
365340,성일하이텍,KOSDAQ150,7,42.9,-8.29,10.17,A1(외+연),7,A1(외+연),42.9,7,A1(외+연),42.9,A1(외+연):43%/7건
004170,신세계,KOSPI200,75,42.7,-6.57,12.62,S(외+연+사),28,B1(외+투신),66.7,3,A1(외+연),30.8,S(외+연+사):36%/28건 | A1(외+연):31%/13건 | A2(외+사):41%/17건 | B1(외+투신):67%/3건 | B2(연+사):64%/14건
018260,삼성에스디에스,KOSPI200,89,42.7,-6.62,-1.46,A1(외+연),44,A2(외+사),80.0,5,A1(외+연),34.1,S(외+연+사):47%/32건 | A1(외+연):34%/44건 | A2(외+사):80%/5건 | B1(외+투신):50%/4건 | B2(연+사):50%/4건
015760,한국전력,KOSPI200,103,42.7,-9.65,3.76,S(외+연+사),81,B2(연+사),80.0,5,A2(외+사),28.6,S(외+연+사):43%/81건 | A1(외+연):33%/9건 | A2(외+사):29%/7건 | B1(외+투신):0%/1건 | B2(연+사):80%/5건
323410,카카오뱅크,KOSPI200,61,42.6,-7.58,-0.51,A1(외+연),34,A2(외+사),66.7,6,A1(외+연),35.3,S(외+연+사):43%/14건 | A1(외+연):35%/34건 | A2(외+사):67%/6건 | B1(외+투신):67%/3건 | B2(연+사):50%/4건
078930,GS,KOSPI200,59,42.4,-6.56,5.66,A1(외+연),29,B2(연+사),57.1,7,A1(외+연),37.9,S(외+연+사):40%/10건 | A1(외+연):38%/29건 | A2(외+사):43%/7건 | B1(외+투신):50%/6건 | B2(연+사):57%/7건
218410,RFHIC,KOSDAQ150,55,41.8,-9.37,23.44,A1(외+연),25,A1(외+연),56.0,25,S(외+연+사),9.1,S(외+연+사):9%/11건 | A1(외+연):56%/25건 | A2(외+사):20%/5건 | B1(외+투신):54%/13건 | B2(연+사):0%/1건
417200,LS머트리얼즈,KOSDAQ150,29,41.4,-9.35,5.34,A1(외+연),11,B2(연+사),100.0,3,S(외+연+사),16.7,S(외+연+사):17%/6건 | A1(외+연):18%/11건 | A2(외+사):50%/2건 | B1(외+투신):71%/7건 | B2(연+사):100%/3건
006730,서부T&D,KOSDAQ150,51,41.2,-9.02,7.55,A2(외+사),25,B1(외+투신),50.0,6,A1(외+연),33.3,S(외+연+사):38%/13건 | A1(외+연):33%/6건 | A2(외+사):44%/25건 | B1(외+투신):50%/6건 | B2(연+사):0%/1건
083650,비에이치아이,KOSDAQ150,79,40.5,-9.2,13.26,A2(외+사),24,B1(외+투신),63.2,19,S(외+연+사),16.7,S(외+연+사):17%/18건 | A1(외+연):40%/15건 | A2(외+사):42%/24건 | B1(외+투신):63%/19건 | B2(연+사):33%/3건
011210,현대위아,KOSPI200,42,40.5,-7.82,7.12,A1(외+연),27,S(외+연+사),71.4,7,A2(외+사),25.0,S(외+연+사):71%/7건 | A1(외+연):33%/27건 | A2(외+사):25%/4건 | B1(외+투신):50%/4건
005830,DB손해보험,KOSPI200,77,40.3,-6.3,6.73,A1(외+연),52,A2(외+사),100.0,3,S(외+연+사),20.0,S(외+연+사):20%/15건 | A1(외+연):40%/52건 | A2(외+사):100%/3건 | B1(외+투신):50%/2건 | B2(연+사):60%/5건
088350,한화생명,KOSPI200,15,40.0,-12.3,15.58,A1(외+연),10,A1(외+연),50.0,10,A2(외+사),0.0,S(외+연+사):0%/1건 | A1(외+연):50%/10건 | A2(외+사):0%/3건 | B2(연+사):100%/1건
204320,HL만도,KOSPI200,75,40.0,-10.07,4.57,S(외+연+사),30,S(외+연+사),50.0,30,B1(외+투신),0.0,S(외+연+사):50%/30건 | A1(외+연):46%/28건 | A2(외+사):22%/9건 | B1(외+투신):0%/6건 | B2(연+사):0%/2건
036460,한국가스공사,KOSPI200,48,39.6,-8.04,-3.47,A1(외+연),35,A2(외+사),66.7,3,S(외+연+사),20.0,S(외+연+사):20%/5건 | A1(외+연):40%/35건 | A2(외+사):67%/3건 | B1(외+투신):40%/5건
241560,두산밥캣,KOSPI200,56,39.3,-8.49,-0.62,A1(외+연),32,B2(연+사),60.0,5,B1(외+투신),0.0,S(외+연+사):38%/8건 | A1(외+연):47%/32건 | A2(외+사):12%/8건 | B1(외+투신):0%/3건 | B2(연+사):60%/5건
011780,금호석유화학,KOSPI200,61,39.3,-8.61,2.39,A1(외+연),27,A2(외+사),60.0,5,B2(연+사),0.0,S(외+연+사):33%/18건 | A1(외+연):52%/27건 | A2(외+사):60%/5건 | B1(외+투신):100%/1건 | B2(연+사):0%/10건
285130,SK케미칼,KOSPI200,18,38.9,-8.44,0.11,A1(외+연),7,B2(연+사),66.7,6,A1(외+연),14.3,S(외+연+사):50%/4건 | A1(외+연):14%/7건 | A2(외+사):0%/1건 | B2(연+사):67%/6건
001430,세아베스틸지주,KOSPI200,49,38.8,-11.84,14.07,S(외+연+사),17,S(외+연+사),47.1,17,B2(연+사),0.0,S(외+연+사):47%/17건 | A1(외+연):45%/11건 | A2(외+사):36%/11건 | B1(외+투신):33%/6건 | B2(연+사):0%/4건
006280,녹십자,KOSPI200,31,38.7,-8.6,-0.3,A1(외+연),15,A1(외+연),53.3,15,B1(외+투신),0.0,S(외+연+사):43%/7건 | A1(외+연):53%/15건 | A2(외+사):20%/5건 | B1(외+투신):0%/2건 | B2(연+사):0%/2건
006260,LS,KOSPI200,93,38.7,-8.7,7.61,S(외+연+사),54,A1(외+연),61.5,13,B2(연+사),20.0,S(외+연+사):37%/54건 | A1(외+연):62%/13건 | A2(외+사):22%/9건 | B1(외+투신):57%/7건 | B2(연+사):20%/10건
071050,한국금융지주,KOSPI200,94,38.3,-8.52,7.08,S(외+연+사),60,A1(외+연),54.5,11,S(외+연+사),31.7,S(외+연+사):32%/60건 | A1(외+연):55%/11건 | A2(외+사):45%/20건 | B1(외+투신):50%/2건 | B2(연+사):100%/1건
192820,코스맥스,KOSPI200,53,37.7,-11.96,-3.19,A1(외+연),25,A2(외+사),66.7,6,B2(연+사),20.0,S(외+연+사):30%/10건 | A1(외+연):40%/25건 | A2(외+사):67%/6건 | B1(외+투신):50%/2건 | B2(연+사):20%/10건
096770,SK이노베이션,KOSPI200,85,37.6,-8.65,0.11,S(외+연+사),38,B1(외+투신),50.0,8,B2(연+사),0.0,S(외+연+사):32%/38건 | A1(외+연):47%/32건 | A2(외+사):25%/4건 | B1(외+투신):50%/8건 | B2(연+사):0%/3건
171090,선익시스템,KOSDAQ150,24,37.5,-13.72,19.0,A2(외+사),8,A1(외+연),75.0,4,A2(외+사),12.5,S(외+연+사):50%/2건 | A1(외+연):75%/4건 | A2(외+사):12%/8건 | B1(외+투신):38%/8건 | B2(연+사):50%/2건
086900,메디톡스,KOSDAQ150,8,37.5,-6.78,-4.28,A1(외+연),4,A1(외+연),75.0,4,A2(외+사),0.0,A1(외+연):75%/4건 | A2(외+사):0%/3건 | B1(외+투신):0%/1건
178320,서진시스템,KOSDAQ150,48,37.5,-8.78,11.53,A2(외+사),16,B1(외+투신),50.0,4,A1(외+연),10.0,S(외+연+사):47%/15건 | A1(외+연):10%/10건 | A2(외+사):44%/16건 | B1(외+투신):50%/4건 | B2(연+사):33%/3건
052690,한전기술,KOSPI200,80,37.5,-8.43,10.59,S(외+연+사),37,B1(외+투신),66.7,3,B2(연+사),0.0,S(외+연+사):35%/37건 | A1(외+연):42%/24건 | A2(외+사):38%/13건 | B1(외+투신):67%/3건 | B2(연+사):0%/3건
402340,SK스퀘어,KOSPI200,104,37.5,-7.76,18.82,S(외+연+사),84,A1(외+연),41.7,12,B2(연+사),0.0,S(외+연+사):38%/84건 | A1(외+연):42%/12건 | A2(외+사):33%/6건 | B2(연+사):0%/2건
175330,JB금융지주,KOSPI200,43,37.2,-8.86,3.54,B1(외+투신),16,A2(외+사),50.0,6,S(외+연+사),0.0,S(외+연+사):0%/5건 | A1(외+연):38%/13건 | A2(외+사):50%/6건 | B1(외+투신):44%/16건 | B2(연+사):33%/3건
319660,피에스케이,KOSDAQ150,70,37.1,-9.22,17.53,A1(외+연),23,S(외+연+사),50.0,14,B1(외+투신),29.4,S(외+연+사):50%/14건 | A1(외+연):39%/23건 | A2(외+사):30%/10건 | B1(외+투신):29%/17건 | B2(연+사):33%/6건
001440,대한전선,KOSPI200,57,36.8,-10.64,3.77,A1(외+연),33,B1(외+투신),83.3,6,A2(외+사),14.3,S(외+연+사):27%/11건 | A1(외+연):36%/33건 | A2(외+사):14%/7건 | B1(외+투신):83%/6건
028300,HLB,KOSDAQ150,38,36.8,-8.34,2.81,A1(외+연),15,B1(외+투신),66.7,3,S(외+연+사),25.0,S(외+연+사):25%/8건 | A1(외+연):27%/15건 | A2(외+사):50%/12건 | B1(외+투신):67%/3건
263750,펄어비스,KOSDAQ150,39,35.9,-13.57,4.18,A1(외+연),13,B1(외+투신),66.7,6,S(외+연+사),0.0,S(외+연+사):0%/6건 | A1(외+연):62%/13건 | A2(외+사):15%/13건 | B1(외+투신):67%/6건 | B2(연+사):0%/1건
120110,코오롱인더,KOSPI200,39,35.9,-7.61,15.68,A1(외+연),20,B1(외+투신),75.0,4,A2(외+사),0.0,S(외+연+사):25%/8건 | A1(외+연):40%/20건 | A2(외+사):0%/2건 | B1(외+투신):75%/4건 | B2(연+사):20%/5건
036930,주성엔지니어링,KOSDAQ150,53,35.8,-6.65,20.17,S(외+연+사),17,S(외+연+사),58.8,17,A1(외+연),20.0,S(외+연+사):59%/17건 | A1(외+연):20%/15건 | A2(외+사):33%/6건 | B1(외+투신):27%/15건
028050,삼성E&A,KOSPI200,56,35.7,-7.3,2.86,A1(외+연),34,A1(외+연),44.1,34,B2(연+사),0.0,S(외+연+사):18%/11건 | A1(외+연):44%/34건 | A2(외+사):33%/3건 | B1(외+투신):40%/5건 | B2(연+사):0%/3건
253450,스튜디오드래곤,KOSDAQ150,14,35.7,-8.7,-2.42,B1(외+투신),9,A1(외+연),50.0,2,B1(외+투신),33.3,A1(외+연):50%/2건 | A2(외+사):50%/2건 | B1(외+투신):33%/9건 | B2(연+사):0%/1건
035900,JYP Ent.,KOSDAQ150,73,35.6,-9.13,-3.33,A1(외+연),41,A1(외+연),43.9,41,A2(외+사),0.0,S(외+연+사):20%/15건 | A1(외+연):44%/41건 | A2(외+사):0%/5건 | B1(외+투신):42%/12건
131970,두산테스나,KOSDAQ150,57,35.1,-9.48,19.04,A1(외+연),24,A1(외+연),41.7,24,A2(외+사),12.5,S(외+연+사):40%/10건 | A1(외+연):42%/24건 | A2(외+사):12%/8건 | B1(외+투신):36%/11건 | B2(연+사):25%/4건
051600,한전KPS,KOSPI200,43,34.9,-7.98,2.87,A1(외+연),22,A1(외+연),45.5,22,A2(외+사),0.0,S(외+연+사):40%/5건 | A1(외+연):45%/22건 | A2(외+사):0%/5건 | B1(외+투신):43%/7건 | B2(연+사):0%/4건
454910,두산로보틱스,KOSPI200,66,34.8,-11.67,1.65,A1(외+연),29,B1(외+투신),60.0,5,A2(외+사),11.1,S(외+연+사):19%/21건 | A1(외+연):48%/29건 | A2(외+사):11%/9건 | B1(외+투신):60%/5건 | B2(연+사):50%/2건
066570,LG전자,KOSPI200,92,34.8,-6.66,6.46,S(외+연+사),54,B2(연+사),50.0,2,S(외+연+사),31.5,S(외+연+사):31%/54건 | A1(외+연):41%/27건 | A2(외+사):33%/6건 | B1(외+투신):33%/3건 | B2(연+사):50%/2건
001040,CJ,KOSPI200,89,34.8,-9.37,2.14,S(외+연+사),39,A2(외+사),50.0,20,S(외+연+사),25.6,S(외+연+사):26%/39건 | A1(외+연):31%/16건 | A2(외+사):50%/20건 | B1(외+투신):40%/5건 | B2(연+사):44%/9건
011070,LG이노텍,KOSPI200,89,34.8,-8.56,7.84,S(외+연+사),55,A2(외+사),55.6,9,B2(연+사),16.7,S(외+연+사):27%/55건 | A1(외+연):53%/17건 | A2(외+사):56%/9건 | B1(외+투신):50%/2건 | B2(연+사):17%/6건
047050,포스코인터내셔널,KOSPI200,72,34.7,-7.83,8.66,A1(외+연),40,A1(외+연),45.0,40,A2(외+사),0.0,S(외+연+사):25%/20건 | A1(외+연):45%/40건 | A2(외+사):0%/4건 | B1(외+투신):40%/5건 | B2(연+사):0%/3건
267250,HD현대,KOSPI200,84,34.5,-8.48,8.42,S(외+연+사),33,A1(외+연),50.0,30,B2(연+사),22.2,S(외+연+사):24%/33건 | A1(외+연):50%/30건 | A2(외+사):25%/8건 | B1(외+투신):50%/4건 | B2(연+사):22%/9건
278470,에이피알,KOSPI200,102,34.3,-9.23,7.3,S(외+연+사),82,A1(외+연),60.0,5,S(외+연+사),30.5,S(외+연+사):30%/82건 | A1(외+연):60%/5건 | A2(외+사):50%/6건 | B1(외+투신):100%/1건 | B2(연+사):38%/8건
298040,효성중공업,KOSPI200,103,34.0,-8.56,11.58,S(외+연+사),80,B2(연+사),37.5,8,A2(외+사),20.0,S(외+연+사):35%/80건 | A1(외+연):25%/4건 | A2(외+사):20%/10건 | B1(외+투신):100%/1건 | B2(연+사):38%/8건
010060,OCI홀딩스,KOSPI200,68,33.8,-10.93,11.91,S(외+연+사),32,A2(외+사),50.0,6,S(외+연+사),25.0,S(외+연+사):25%/32건 | A1(외+연):44%/18건 | A2(외+사):50%/6건 | B1(외+투신):29%/7건 | B2(연+사):40%/5건
032820,우리기술,KOSDAQ150,18,33.3,-11.06,54.36,A2(외+사),9,B1(외+투신),60.0,5,A2(외+사),22.2,S(외+연+사):0%/1건 | A1(외+연):33%/3건 | A2(외+사):22%/9건 | B1(외+투신):60%/5건
108860,셀바스AI,KOSDAQ150,6,33.3,-5.89,36.09,B1(외+투신),6,B1(외+투신),33.3,6,B1(외+투신),33.3,B1(외+투신):33%/6건
000210,DL,KOSPI200,3,33.3,-14.28,6.33,B2(연+사),2,B2(연+사),0.0,2,B2(연+사),0.0,A1(외+연):100%/1건 | B2(연+사):0%/2건
112610,씨에스윈드,KOSPI200,36,33.3,-9.15,7.37,A1(외+연),19,A2(외+사),50.0,4,A1(외+연),26.3,S(외+연+사):43%/7건 | A1(외+연):26%/19건 | A2(외+사):50%/4건 | B1(외+투신):33%/3건 | B2(연+사):33%/3건
101360,에코앤드림,KOSDAQ150,3,33.3,-7.93,-0.83,A2(외+사),3,A2(외+사),33.3,3,A2(외+사),33.3,A2(외+사):33%/3건
085660,차바이오텍,KOSDAQ150,21,33.3,-9.73,4.19,A2(외+사),17,A1(외+연),66.7,3,A2(외+사),29.4,A1(외+연):67%/3건 | A2(외+사):29%/17건 | B1(외+투신):0%/1건
267260,HD현대일렉트릭,KOSPI200,100,33.0,-8.02,6.78,S(외+연+사),57,A2(외+사),54.5,11,B2(연+사),0.0,S(외+연+사):26%/57건 | A1(외+연):44%/25건 | A2(외+사):55%/11건 | B1(외+투신):25%/4건 | B2(연+사):0%/3건
034020,두산에너빌리티,KOSPI200,104,32.7,-8.54,5.99,S(외+연+사),92,S(외+연+사),34.8,92,A1(외+연),16.7,S(외+연+사):35%/92건 | A1(외+연):17%/6건 | A2(외+사):20%/5건 | B2(연+사):0%/1건
014680,한솔케미칼,KOSPI200,55,32.7,-6.72,7.51,A1(외+연),21,A2(외+사),55.6,9,S(외+연+사),22.2,S(외+연+사):22%/9건 | A1(외+연):29%/21건 | A2(외+사):56%/9건 | B1(외+투신):33%/9건 | B2(연+사):29%/7건
373220,LG에너지솔루션,KOSPI200,102,32.4,-9.73,-0.66,S(외+연+사),85,A1(외+연),38.5,13,B2(연+사),0.0,S(외+연+사):33%/85건 | A1(외+연):38%/13건 | A2(외+사):0%/1건 | B1(외+투신):0%/1건 | B2(연+사):0%/2건
006400,삼성SDI,KOSPI200,102,32.4,-8.15,11.62,S(외+연+사),72,S(외+연+사),34.7,72,A2(외+사),0.0,S(외+연+사):35%/72건 | A1(외+연):32%/22건 | A2(외+사):0%/2건 | B1(외+투신):0%/1건 | B2(연+사):20%/5건
375500,DL이앤씨,KOSPI200,31,32.3,-9.56,4.27,A1(외+연),19,A1(외+연),42.1,19,A2(외+사),0.0,S(외+연+사):33%/3건 | A1(외+연):42%/19건 | A2(외+사):0%/2건 | B1(외+투신):20%/5건 | B2(연+사):0%/2건
039030,이오테크닉스,KOSDAQ150,87,32.2,-7.91,11.47,A1(외+연),30,B1(외+투신),57.1,7,S(외+연+사),24.1,S(외+연+사):24%/29건 | A1(외+연):30%/30건 | A2(외+사):35%/17건 | B1(외+투신):57%/7건 | B2(연+사):50%/4건
131290,티에스이,KOSDAQ150,28,32.1,-8.38,18.43,B1(외+투신),10,A1(외+연),66.7,6,B2(연+사),0.0,S(외+연+사):33%/3건 | A1(외+연):67%/6건 | A2(외+사):17%/6건 | B1(외+투신):30%/10건 | B2(연+사):0%/3건
307950,현대오토에버,KOSPI200,84,32.1,-10.83,20.39,S(외+연+사),46,A1(외+연),45.5,22,A2(외+사),20.0,S(외+연+사):28%/46건 | A1(외+연):45%/22건 | A2(외+사):20%/10건 | B1(외+투신):40%/5건 | B2(연+사):0%/1건
326030,SK바이오팜,KOSPI200,66,31.8,-9.25,-1.07,A1(외+연),41,A2(외+사),75.0,4,B2(연+사),0.0,S(외+연+사):21%/14건 | A1(외+연):34%/41건 | A2(외+사):75%/4건 | B1(외+투신):50%/2건 | B2(연+사):0%/5건
012450,한화에어로스페이스,KOSPI200,104,31.7,-9.87,7.25,S(외+연+사),89,A2(외+사),50.0,6,A1(외+연),16.7,S(외+연+사):31%/89건 | A1(외+연):17%/6건 | A2(외+사):50%/6건 | B1(외+투신):50%/2건 | B2(연+사):0%/1건
006800,미래에셋증권,KOSPI200,98,31.6,-8.34,28.76,S(외+연+사),58,B2(연+사),40.0,5,B1(외+투신),0.0,S(외+연+사):34%/58건 | A1(외+연):29%/21건 | A2(외+사):27%/11건 | B1(외+투신):0%/3건 | B2(연+사):40%/5건
240810,원익IPS,KOSDAQ150,90,31.1,-7.63,18.75,S(외+연+사),44,B2(연+사),60.0,5,B1(외+투신),14.3,S(외+연+사):32%/44건 | A1(외+연):25%/24건 | A2(외+사):40%/10건 | B1(외+투신):14%/7건 | B2(연+사):60%/5건
031980,피에스케이홀딩스,KOSDAQ150,61,31.1,-9.97,12.96,S(외+연+사),20,B1(외+투신),41.7,12,A2(외+사),0.0,S(외+연+사):35%/20건 | A1(외+연):30%/20건 | A2(외+사):0%/8건 | B1(외+투신):42%/12건 | B2(연+사):100%/1건
145020,휴젤,KOSDAQ150,68,30.9,-10.41,-2.81,A1(외+연),21,A2(외+사),54.5,11,B2(연+사),0.0,S(외+연+사):18%/17건 | A1(외+연):29%/21건 | A2(외+사):55%/11건 | B1(외+투신):38%/16건 | B2(연+사):0%/3건
000150,두산,KOSPI200,104,30.8,-9.46,13.11,S(외+연+사),78,B1(외+투신),50.0,2,B2(연+사),12.5,S(외+연+사):31%/78건 | A1(외+연):38%/8건 | A2(외+사):38%/8건 | B1(외+투신):50%/2건 | B2(연+사):12%/8건
008770,호텔신라,KOSPI200,36,30.6,-10.57,-3.51,A1(외+연),20,A1(외+연),40.0,20,S(외+연+사),0.0,S(외+연+사):0%/7건 | A1(외+연):40%/20건 | A2(외+사):0%/1건 | B1(외+투신):29%/7건 | B2(연+사):100%/1건
000100,유한양행,KOSPI200,85,30.6,-7.92,-3.34,A1(외+연),58,B1(외+투신),33.3,3,B2(연+사),0.0,S(외+연+사):24%/21건 | A1(외+연):33%/58건 | A2(외+사):100%/1건 | B1(외+투신):33%/3건 | B2(연+사):0%/2건
241710,코스메카코리아,KOSDAQ150,50,30.0,-11.61,0.11,A1(외+연),12,B2(연+사),50.0,4,A2(외+사),16.7,S(외+연+사):30%/10건 | A1(외+연):42%/12건 | A2(외+사):17%/12건 | B1(외+투신):25%/12건 | B2(연+사):50%/4건
018880,한온시스템,KOSPI200,30,30.0,-13.74,5.12,A1(외+연),15,S(외+연+사),100.0,2,A1(외+연),20.0,S(외+연+사):100%/2건 | A1(외+연):20%/15건 | A2(외+사):29%/7건 | B1(외+투신):40%/5건 | B2(연+사):0%/1건
445680,큐리옥스바이오시스템즈,KOSDAQ150,10,30.0,-9.43,14.31,A2(외+사),9,A2(외+사),33.3,9,A2(외+사),33.3,A2(외+사):33%/9건 | B1(외+투신):0%/1건
030520,한글과컴퓨터,KOSDAQ150,10,30.0,-9.0,-4.06,A1(외+연),8,A1(외+연),37.5,8,A1(외+연),37.5,A1(외+연):38%/8건 | A2(외+사):0%/1건 | B1(외+투신):0%/1건
025980,아난티,KOSDAQ150,10,30.0,-15.01,-8.04,A2(외+사),5,B1(외+투신),40.0,5,A2(외+사),20.0,A2(외+사):20%/5건 | B1(외+투신):40%/5건
011790,SKC,KOSPI200,67,29.9,-10.83,-3.15,A1(외+연),27,A1(외+연),40.7,27,S(외+연+사),7.7,S(외+연+사):8%/13건 | A1(외+연):41%/27건 | A2(외+사):31%/13건 | B1(외+투신):33%/9건 | B2(연+사):20%/5건
074600,원익QnC,KOSDAQ150,37,29.7,-8.5,9.49,B1(외+투신),13,A1(외+연),41.7,12,A2(외+사),20.0,S(외+연+사):33%/3건 | A1(외+연):42%/12건 | A2(외+사):20%/5건 | B1(외+투신):23%/13건 | B2(연+사):25%/4건
010140,삼성중공업,KOSPI200,99,29.3,-9.9,2.81,S(외+연+사),60,B1(외+투신),50.0,2,B2(연+사),0.0,S(외+연+사):37%/60건 | A1(외+연):18%/28건 | A2(외+사):14%/7건 | B1(외+투신):50%/2건 | B2(연+사):0%/2건
000250,삼천당제약,KOSDAQ150,76,28.9,-7.57,47.59,S(외+연+사),39,B2(연+사),66.7,3,A1(외+연),16.7,S(외+연+사):31%/39건 | A1(외+연):17%/24건 | A2(외+사):38%/8건 | B1(외+투신):50%/2건 | B2(연+사):67%/3건
348210,넥스틴,KOSDAQ150,49,28.6,-9.83,3.99,B1(외+투신),13,A1(외+연),60.0,10,B2(연+사),0.0,S(외+연+사):18%/11건 | A1(외+연):60%/10건 | A2(외+사):10%/10건 | B1(외+투신):38%/13건 | B2(연+사):0%/5건
007340,DN오토모티브,KOSPI200,7,28.6,-15.92,32.56,A1(외+연),3,A1(외+연),33.3,3,B2(연+사),0.0,S(외+연+사):0%/1건 | A1(외+연):33%/3건 | A2(외+사):100%/1건 | B2(연+사):0%/2건
084370,유진테크,KOSDAQ150,85,28.2,-10.6,9.3,S(외+연+사),28,S(외+연+사),35.7,28,A2(외+사),15.4,S(외+연+사):36%/28건 | A1(외+연):29%/24건 | A2(외+사):15%/13건 | B1(외+투신):27%/15건 | B2(연+사):20%/5건
251270,넷마블,KOSPI200,50,28.0,-9.11,-2.1,A1(외+연),25,A2(외+사),100.0,2,B1(외+투신),0.0,S(외+연+사):50%/10건 | A1(외+연):16%/25건 | A2(외+사):100%/2건 | B1(외+투신):0%/8건 | B2(연+사):60%/5건
008930,한미사이언스,KOSPI200,18,27.8,-12.95,-5.39,A1(외+연),9,B2(연+사),50.0,2,S(외+연+사),0.0,S(외+연+사):0%/2건 | A1(외+연):44%/9건 | A2(외+사):0%/4건 | B1(외+투신):0%/1건 | B2(연+사):50%/2건
010130,고려아연,KOSPI200,90,27.8,-11.75,7.05,S(외+연+사),52,A1(외+연),39.1,23,B2(연+사),20.0,S(외+연+사):23%/52건 | A1(외+연):39%/23건 | A2(외+사):25%/4건 | B1(외+투신):100%/1건 | B2(연+사):20%/10건
298020,효성티앤씨,KOSPI200,29,27.6,-13.65,14.68,S(외+연+사),9,S(외+연+사),44.4,9,B2(연+사),0.0,S(외+연+사):44%/9건 | A1(외+연):25%/8건 | A2(외+사):20%/5건 | B1(외+투신):100%/1건 | B2(연+사):0%/6건
079550,LIG넥스원,KOSPI200,98,27.6,-12.73,10.49,S(외+연+사),71,A2(외+사),60.0,5,B2(연+사),0.0,S(외+연+사):24%/71건 | A1(외+연):44%/16건 | A2(외+사):60%/5건 | B2(연+사):0%/6건
036570,엔씨소프트,KOSPI200,91,27.5,-9.93,2.05,S(외+연+사),51,S(외+연+사),29.4,51,B1(외+투신),0.0,S(외+연+사):29%/51건 | A1(외+연):27%/22건 | A2(외+사):27%/11건 | B1(외+투신):0%/3건 | B2(연+사):25%/4건
161890,한국콜마,KOSPI200,55,27.3,-9.19,-1.96,A1(외+연),21,A2(외+사),40.0,5,B1(외+투신),20.0,S(외+연+사):27%/15건 | A1(외+연):24%/21건 | A2(외+사):40%/5건 | B1(외+투신):20%/5건 | B2(연+사):33%/9건
361610,SK아이이테크놀로지,KOSPI200,11,27.3,-13.91,-4.84,A1(외+연),5,B1(외+투신),25.0,4,A1(외+연),20.0,S(외+연+사):100%/1건 | A1(외+연):20%/5건 | A2(외+사):0%/1건 | B1(외+투신):25%/4건
035420,NAVER,KOSPI200,103,27.2,-8.87,-2.72,S(외+연+사),86,A1(외+연),36.4,11,S(외+연+사),25.6,S(외+연+사):26%/86건 | A1(외+연):36%/11건 | A2(외+사):33%/3건 | B2(연+사):33%/3건
036620,감성코퍼레이션,KOSDAQ150,30,26.7,-12.61,2.68,A1(외+연),10,S(외+연+사),66.7,3,A2(외+사),14.3,S(외+연+사):67%/3건 | A1(외+연):20%/10건 | A2(외+사):14%/7건 | B1(외+투신):17%/6건 | B2(연+사):50%/4건
003670,포스코퓨처엠,KOSPI200,101,26.7,-11.46,3.52,S(외+연+사),54,B1(외+투신),40.0,5,A1(외+연),8.8,S(외+연+사):37%/54건 | A1(외+연):9%/34건 | A2(외+사):33%/3건 | B1(외+투신):40%/5건 | B2(연+사):20%/5건
204270,제이앤티씨,KOSDAQ150,15,26.7,-14.22,-4.08,A2(외+사),7,A1(외+연),33.3,3,B1(외+투신),25.0,A1(외+연):33%/3건 | A2(외+사):29%/7건 | B1(외+투신):25%/4건 | B2(연+사):0%/1건
017960,한국카본,KOSPI200,79,26.6,-10.95,6.06,A1(외+연),27,A2(외+사),50.0,6,S(외+연+사),12.0,S(외+연+사):12%/25건 | A1(외+연):37%/27건 | A2(외+사):50%/6건 | B1(외+투신):25%/12건 | B2(연+사):22%/9건
214150,클래시스,KOSDAQ150,49,26.5,-11.47,-0.76,A1(외+연),27,A2(외+사),40.0,5,B2(연+사),0.0,S(외+연+사):14%/7건 | A1(외+연):33%/27건 | A2(외+사):40%/5건 | B1(외+투신):14%/7건 | B2(연+사):0%/3건
004990,롯데지주,KOSPI200,34,26.5,-10.6,-1.72,A1(외+연),18,S(외+연+사),50.0,2,A2(외+사),0.0,S(외+연+사):50%/2건 | A1(외+연):22%/18건 | A2(외+사):0%/3건 | B1(외+투신):33%/9건 | B2(연+사):50%/2건
141080,리가켐바이오,KOSDAQ150,98,26.5,-10.27,7.89,S(외+연+사),70,A1(외+연),60.0,10,B1(외+투신),0.0,S(외+연+사):24%/70건 | A1(외+연):60%/10건 | A2(외+사):17%/12건 | B1(외+투신):0%/2건 | B2(연+사):25%/4건
237690,에스티팜,KOSDAQ150,80,26.2,-8.65,10.02,S(외+연+사),23,B2(연+사),50.0,2,A2(외+사),16.7,S(외+연+사):30%/23건 | A1(외+연):24%/21건 | A2(외+사):17%/18건 | B1(외+투신):31%/16건 | B2(연+사):50%/2건
058610,에스피지,KOSDAQ150,73,26.0,-13.04,27.62,S(외+연+사),28,B1(외+투신),33.3,6,A1(외+연),15.4,S(외+연+사):29%/28건 | A1(외+연):15%/13건 | A2(외+사):29%/21건 | B1(외+투신):33%/6건 | B2(연+사):20%/5건
064760,티씨케이,KOSDAQ150,77,26.0,-10.1,5.66,A1(외+연),26,B2(연+사),42.9,7,A2(외+사),16.7,S(외+연+사):26%/19건 | A1(외+연):23%/26건 | A2(외+사):17%/12건 | B1(외+투신):31%/13건 | B2(연+사):43%/7건
011170,롯데케미칼,KOSPI200,62,25.8,-9.61,2.96,A1(외+연),27,B1(외+투신),50.0,4,A1(외+연),18.5,S(외+연+사):27%/22건 | A1(외+연):19%/27건 | A2(외+사):40%/5건 | B1(외+투신):50%/4건 | B2(연+사):25%/4건
166090,하나머티리얼즈,KOSDAQ150,62,25.8,-9.09,7.18,A1(외+연),24,B2(연+사),50.0,4,A2(외+사),16.7,S(외+연+사):33%/6건 | A1(외+연):21%/24건 | A2(외+사):17%/6건 | B1(외+투신):27%/22건 | B2(연+사):50%/4건
403870,HPSP,KOSDAQ150,74,25.7,-10.01,5.53,S(외+연+사),20,A2(외+사),35.0,20,B2(연+사),0.0,S(외+연+사):25%/20건 | A1(외+연):25%/16건 | A2(외+사):35%/20건 | B1(외+투신):20%/15건 | B2(연+사):0%/3건
122870,와이지엔터테인먼트,KOSDAQ150,74,25.7,-16.05,-10.29,S(외+연+사),32,B1(외+투신),57.1,7,B2(연+사),0.0,S(외+연+사):9%/32건 | A1(외+연):37%/19건 | A2(외+사):36%/14건 | B1(외+투신):57%/7건 | B2(연+사):0%/2건
183300,코미코,KOSDAQ150,63,25.4,-13.23,-0.24,A1(외+연),21,A2(외+사),42.9,7,S(외+연+사),8.3,S(외+연+사):8%/12건 | A1(외+연):33%/21건 | A2(외+사):43%/7건 | B1(외+투신):20%/20건 | B2(연+사):33%/3건
000880,한화,KOSPI200,64,25.0,-11.04,5.65,A1(외+연),23,B1(외+투신),33.3,6,A1(외+연),21.7,S(외+연+사):26%/19건 | A1(외+연):22%/23건 | A2(외+사):25%/12건 | B1(외+투신):33%/6건 | B2(연+사):25%/4건
004490,세방전지,KOSPI200,4,25.0,-7.54,-0.02,A1(외+연),2,B1(외+투신),50.0,2,A1(외+연),0.0,A1(외+연):0%/2건 | B1(외+투신):50%/2건
101490,에스앤에스텍,KOSDAQ150,64,25.0,-10.54,6.35,A1(외+연),20,B2(연+사),50.0,2,A2(외+사),11.8,S(외+연+사):17%/6건 | A1(외+연):25%/20건 | A2(외+사):12%/17건 | B1(외+투신):37%/19건 | B2(연+사):50%/2건
015750,성우하이텍,KOSDAQ150,8,25.0,-13.72,2.21,B1(외+투신),5,B1(외+투신),40.0,5,A1(외+연),0.0,A1(외+연):0%/3건 | B1(외+투신):40%/5건
009240,한샘,KOSPI200,4,25.0,-11.79,-4.29,A1(외+연),4,A1(외+연),25.0,4,A1(외+연),25.0,A1(외+연):25%/4건
082740,한화엔진,KOSPI200,73,24.7,-10.62,2.96,A1(외+연),26,B2(연+사),40.0,5,B1(외+투신),14.3,S(외+연+사):21%/24건 | A1(외+연):27%/26건 | A2(외+사):27%/11건 | B1(외+투신):14%/7건 | B2(연+사):40%/5건
042660,한화오션,KOSPI200,103,24.3,-12.03,1.92,S(외+연+사),86,A1(외+연),45.5,11,A2(외+사),0.0,S(외+연+사):23%/86건 | A1(외+연):45%/11건 | A2(외+사):0%/5건 | B2(연+사):0%/1건
086520,에코프로,KOSDAQ150,95,24.2,-12.06,17.95,S(외+연+사),47,B2(연+사),50.0,2,S(외+연+사),17.0,S(외+연+사):17%/47건 | A1(외+연):29%/14건 | A2(외+사):31%/13건 | B1(외+투신):32%/19건 | B2(연+사):50%/2건
095340,ISC,KOSDAQ150,96,24.0,-8.2,28.42,S(외+연+사),43,A2(외+사),28.6,14,S(외+연+사),23.3,S(외+연+사):23%/43건 | A1(외+연):23%/30건 | A2(외+사):29%/14건 | B1(외+투신):25%/8건 | B2(연+사):0%/1건
298380,에이비엘바이오,KOSDAQ150,104,24.0,-10.24,18.21,S(외+연+사),78,B1(외+투신),50.0,2,A2(외+사),13.3,S(외+연+사):24%/78건 | A1(외+연):20%/5건 | A2(외+사):13%/15건 | B1(외+투신):50%/2건 | B2(연+사):50%/4건
111770,영원무역,KOSPI200,25,24.0,-9.38,-3.79,A1(외+연),17,S(외+연+사),33.3,3,A2(외+사),0.0,S(외+연+사):33%/3건 | A1(외+연):24%/17건 | A2(외+사):0%/2건 | B1(외+투신):100%/1건 | B2(연+사):0%/2건
098460,고영,KOSDAQ150,75,24.0,-11.11,10.22,A1(외+연),25,B1(외+투신),45.5,11,S(외+연+사),13.6,S(외+연+사):14%/22건 | A1(외+연):28%/25건 | A2(외+사):18%/17건 | B1(외+투신):45%/11건
014620,성광벤드,KOSDAQ150,42,23.8,-10.57,1.06,B1(외+투신),17,S(외+연+사),66.7,3,A2(외+사),0.0,S(외+연+사):67%/3건 | A1(외+연):27%/15건 | A2(외+사):0%/6건 | B1(외+투신):18%/17건 | B2(연+사):100%/1건
310210,보로노이,KOSDAQ150,85,23.5,-10.07,12.01,S(외+연+사),39,A2(외+사),29.2,24,B2(연+사),0.0,S(외+연+사):23%/39건 | A1(외+연):22%/9건 | A2(외+사):29%/24건 | B1(외+투신):29%/7건 | B2(연+사):0%/6건
247540,에코프로비엠,KOSDAQ150,103,23.3,-11.87,8.0,S(외+연+사),53,B1(외+투신),50.0,2,B2(연+사),0.0,S(외+연+사):19%/53건 | A1(외+연):33%/36건 | A2(외+사):10%/10건 | B1(외+투신):50%/2건 | B2(연+사):0%/2건
226950,올릭스,KOSDAQ150,99,23.2,-11.09,16.07,S(외+연+사),51,B1(외+투신),33.3,6,A1(외+연),18.2,S(외+연+사):22%/51건 | A1(외+연):18%/11건 | A2(외+사):25%/28건 | B1(외+투신):33%/6건 | B2(연+사):33%/3건
108490,로보티즈,KOSDAQ150,99,23.2,-13.79,8.13,S(외+연+사),63,B1(외+투신),33.3,3,A1(외+연),20.0,S(외+연+사):24%/63건 | A1(외+연):20%/15건 | A2(외+사):24%/17건 | B1(외+투신):33%/3건 | B2(연+사):0%/1건
005290,동진쎄미켐,KOSDAQ150,82,23.2,-11.75,1.1,A1(외+연),31,B1(외+투신),50.0,8,A2(외+사),14.3,S(외+연+사):18%/28건 | A1(외+연):26%/31건 | A2(외+사):14%/14건 | B1(외+투신):50%/8건 | B2(연+사):0%/1건
064400,LG씨엔에스,KOSPI200,69,23.2,-10.74,-1.6,A1(외+연),38,B1(외+투신),33.3,3,S(외+연+사),10.0,S(외+연+사):10%/20건 | A1(외+연):29%/38건 | A2(외+사):25%/8건 | B1(외+투신):33%/3건
007660,이수페타시스,KOSPI200,104,23.1,-10.71,8.23,S(외+연+사),85,B2(연+사),33.3,3,A2(외+사),12.5,S(외+연+사):24%/85건 | A1(외+연):25%/8건 | A2(외+사):12%/8건 | B2(연+사):33%/3건
222800,심텍,KOSDAQ150,87,23.0,-13.02,3.59,S(외+연+사),48,A2(외+사),40.9,22,S(외+연+사),14.6,S(외+연+사):15%/48건 | A1(외+연):25%/8건 | A2(외+사):41%/22건 | B1(외+투신):20%/5건 | B2(연+사):25%/4건
062040,산일전기,KOSPI200,87,23.0,-10.51,2.66,S(외+연+사),41,B2(연+사),66.7,3,S(외+연+사),12.2,S(외+연+사):12%/41건 | A1(외+연):36%/22건 | A2(외+사):20%/15건 | B1(외+투신):33%/6건 | B2(연+사):67%/3건
194480,데브시스터즈,KOSDAQ150,9,22.2,-12.73,0.03,A2(외+사),8,A2(외+사),25.0,8,A2(외+사),25.0,A2(외+사):25%/8건 | B1(외+투신):0%/1건
388720,유일로보틱스,KOSDAQ150,9,22.2,-11.31,7.9,A1(외+연),4,A2(외+사),66.7,3,A1(외+연),0.0,S(외+연+사):0%/1건 | A1(외+연):0%/4건 | A2(외+사):67%/3건 | B1(외+투신):0%/1건
121600,나노신소재,KOSDAQ150,18,22.2,-12.52,-0.07,B1(외+투신),13,A1(외+연),40.0,5,B1(외+투신),15.4,A1(외+연):40%/5건 | B1(외+투신):15%/13건
032500,케이엠더블유,KOSDAQ150,9,22.2,-15.31,13.71,A1(외+연),4,A1(외+연),50.0,4,B1(외+투신),0.0,S(외+연+사):0%/1건 | A1(외+연):50%/4건 | A2(외+사):0%/1건 | B1(외+투신):0%/3건
000670,영풍,KOSPI200,9,22.2,-14.9,5.06,A2(외+사),4,B2(연+사),33.3,3,A2(외+사),25.0,S(외+연+사):0%/1건 | A1(외+연):0%/1건 | A2(외+사):25%/4건 | B2(연+사):33%/3건
053800,안랩,KOSDAQ150,9,22.2,-6.22,-2.85,A1(외+연),8,A1(외+연),25.0,8,A1(외+연),25.0,A1(외+연):25%/8건 | B1(외+투신):0%/1건
060280,큐렉소,KOSDAQ150,9,22.2,-14.42,0.76,A1(외+연),4,B1(외+투신),50.0,2,A2(외+사),0.0,A1(외+연):25%/4건 | A2(외+사):0%/3건 | B1(외+투신):50%/2건
066970,엘앤에프,KOSPI200,99,22.2,-14.08,7.3,S(외+연+사),56,A2(외+사),40.0,5,B1(외+투신),0.0,S(외+연+사):25%/56건 | A1(외+연):18%/22건 | A2(외+사):40%/5건 | B1(외+투신):0%/7건 | B2(연+사):22%/9건
009830,한화솔루션,KOSPI200,77,22.1,-13.06,8.35,S(외+연+사),41,B2(연+사),50.0,2,B1(외+투신),0.0,S(외+연+사):20%/41건 | A1(외+연):31%/16건 | A2(외+사):21%/14건 | B1(외+투신):0%/4건 | B2(연+사):50%/2건
004020,현대제철,KOSPI200,68,22.1,-8.29,1.74,A1(외+연),40,A2(외+사),33.3,6,B1(외+투신),0.0,S(외+연+사):24%/17건 | A1(외+연):22%/40건 | A2(외+사):33%/6건 | B1(외+투신):0%/3건 | B2(연+사):0%/2건
035720,카카오,KOSPI200,100,22.0,-9.64,-4.29,S(외+연+사),69,A1(외+연),45.8,24,B2(연+사),0.0,S(외+연+사):14%/69건 | A1(외+연):46%/24건 | A2(외+사):0%/1건 | B1(외+투신):25%/4건 | B2(연+사):0%/2건
383220,F&F,KOSPI200,41,22.0,-10.64,-0.5,B2(연+사),13,A2(외+사),33.3,9,B1(외+투신),0.0,S(외+연+사):17%/6건 | A1(외+연):30%/10건 | A2(외+사):33%/9건 | B1(외+투신):0%/3건 | B2(연+사):15%/13건
302440,SK바이오사이언스,KOSPI200,14,21.4,-8.38,-1.74,A1(외+연),4,B2(연+사),50.0,2,A1(외+연),0.0,S(외+연+사):33%/3건 | A1(외+연):0%/4건 | A2(외+사):25%/4건 | B1(외+투신):0%/1건 | B2(연+사):50%/2건
009420,한올바이오파마,KOSPI200,66,21.2,-9.95,8.8,S(외+연+사),23,B1(외+투신),57.1,7,B2(연+사),12.5,S(외+연+사):13%/23건 | A1(외+연):19%/16건 | A2(외+사):25%/12건 | B1(외+투신):57%/7건 | B2(연+사):12%/8건
189300,인텔리안테크,KOSDAQ150,38,21.1,-12.4,21.52,S(외+연+사),11,A1(외+연),37.5,8,B2(연+사),0.0,S(외+연+사):27%/11건 | A1(외+연):38%/8건 | A2(외+사):9%/11건 | B1(외+투신):20%/5건 | B2(연+사):0%/3건
348370,엔켐,KOSDAQ150,38,21.1,-25.25,-11.82,B1(외+투신),29,B1(외+투신),27.6,29,S(외+연+사),0.0,S(외+연+사):0%/2건 | A1(외+연):0%/4건 | A2(외+사):0%/3건 | B1(외+투신):28%/29건
067310,하나마이크론,KOSDAQ150,81,21.0,-10.29,4.2,B1(외+투신),23,B1(외+투신),30.4,23,A1(외+연),13.6,S(외+연+사):18%/17건 | A1(외+연):14%/22건 | A2(외+사):22%/18건 | B1(외+투신):30%/23건 | B2(연+사):0%/1건
457190,이수스페셜티케미컬,KOSPI200,43,20.9,-11.94,14.05,A1(외+연),16,S(외+연+사),37.5,8,A2(외+사),0.0,S(외+연+사):38%/8건 | A1(외+연):31%/16건 | A2(외+사):0%/10건 | B1(외+투신):12%/8건 | B2(연+사):0%/1건
329180,HD현대중공업,KOSPI200,101,20.8,-10.76,-0.21,S(외+연+사),74,B1(외+투신),100.0,3,A2(외+사),0.0,S(외+연+사):18%/74건 | A1(외+연):29%/14건 | A2(외+사):0%/5건 | B1(외+투신):100%/3건 | B2(연+사):20%/5건
078600,대주전자재료,KOSDAQ150,48,20.8,-11.12,13.79,A1(외+연),25,A2(외+사),40.0,5,B1(외+투신),0.0,S(외+연+사):25%/12건 | A1(외+연):16%/25건 | A2(외+사):40%/5건 | B1(외+투신):0%/5건 | B2(연+사):100%/1건
443060,HD현대마린솔루션,KOSPI200,68,20.6,-11.7,-4.48,A1(외+연),45,A1(외+연),28.9,45,A2(외+사),0.0,S(외+연+사):9%/11건 | A1(외+연):29%/45건 | A2(외+사):0%/7건 | B1(외+투신):0%/1건 | B2(연+사):0%/4건
006650,대한유화,KOSPI200,39,20.5,-12.55,0.9,A1(외+연),14,S(외+연+사),45.5,11,B2(연+사),0.0,S(외+연+사):45%/11건 | A1(외+연):14%/14건 | A2(외+사):25%/4건 | B1(외+투신):0%/1건 | B2(연+사):0%/9건
128940,한미약품,KOSPI200,98,20.4,-9.14,8.51,S(외+연+사),64,A1(외+연),31.2,16,B1(외+투신),0.0,S(외+연+사):22%/64건 | A1(외+연):31%/16건 | A2(외+사):12%/8건 | B1(외+투신):0%/3건 | B2(연+사):0%/7건
450080,에코프로머티,KOSPI200,59,20.3,-12.73,4.04,A1(외+연),32,B1(외+투신),36.4,11,A1(외+연),12.5,S(외+연+사):29%/7건 | A1(외+연):12%/32건 | A2(외+사):17%/6건 | B1(외+투신):36%/11건 | B2(연+사):33%/3건
005420,코스모화학,KOSPI200,5,20.0,-13.6,-6.56,A1(외+연),5,A1(외+연),20.0,5,A1(외+연),20.0,A1(외+연):20%/5건
080220,제주반도체,KOSDAQ150,45,20.0,-11.65,13.41,A2(외+사),22,A2(외+사),27.3,22,B1(외+투신),8.3,S(외+연+사):0%/1건 | A1(외+연):20%/10건 | A2(외+사):27%/22건 | B1(외+투신):8%/12건
222080,씨아이에스,KOSDAQ150,10,20.0,-12.43,1.83,B1(외+투신),5,A2(외+사),33.3,3,A1(외+연),0.0,A1(외+연):0%/2건 | A2(외+사):33%/3건 | B1(외+투신):20%/5건
002790,아모레퍼시픽홀딩스,KOSPI200,5,20.0,-12.75,-2.31,A1(외+연),4,A1(외+연),25.0,4,A1(외+연),25.0,S(외+연+사):0%/1건 | A1(외+연):25%/4건
058970,엠로,KOSDAQ150,5,20.0,-13.47,-6.54,A1(외+연),3,A1(외+연),33.3,3,B1(외+투신),0.0,A1(외+연):33%/3건 | B1(외+투신):0%/2건
007390,네이처셀,KOSDAQ150,10,20.0,-12.33,-3.72,A2(외+사),4,A1(외+연),50.0,2,B1(외+투신),0.0,A1(외+연):50%/2건 | A2(외+사):25%/4건 | B1(외+투신):0%/4건
093370,후성,KOSPI200,20,20.0,-12.55,-2.82,A1(외+연),13,A2(외+사),25.0,4,A1(외+연),23.1,S(외+연+사):0%/1건 | A1(외+연):23%/13건 | A2(외+사):25%/4건 | B1(외+투신):0%/1건 | B2(연+사):0%/1건
377300,카카오페이,KOSPI200,66,19.7,-10.96,0.12,A1(외+연),46,A2(외+사),33.3,6,S(외+연+사),0.0,S(외+연+사):0%/10건 | A1(외+연):24%/46건 | A2(외+사):33%/6건 | B1(외+투신):0%/4건
251970,펌텍코리아,KOSDAQ150,16,18.8,-11.4,-4.58,B1(외+투신),10,B1(외+투신),30.0,10,A2(외+사),0.0,A1(외+연):0%/1건 | A2(외+사):0%/5건 | B1(외+투신):30%/10건
259960,크래프톤,KOSPI200,81,18.5,-10.09,-3.63,S(외+연+사),39,A2(외+사),28.6,7,B1(외+투신),0.0,S(외+연+사):23%/39건 | A1(외+연):14%/21건 | A2(외+사):29%/7건 | B1(외+투신):0%/2건 | B2(연+사):8%/12건
357780,솔브레인,KOSDAQ150,66,18.2,-11.09,5.36,A1(외+연),31,B2(연+사),50.0,2,A2(외+사),0.0,S(외+연+사):17%/12건 | A1(외+연):23%/31건 | A2(외+사):0%/9건 | B1(외+투신):17%/12건 | B2(연+사):50%/2건
281740,레이크머티리얼즈,KOSDAQ150,17,17.6,-15.71,5.65,A1(외+연),9,A1(외+연),33.3,9,S(외+연+사),0.0,S(외+연+사):0%/2건 | A1(외+연):33%/9건 | A2(외+사):0%/3건 | B1(외+투신):0%/3건
022100,포스코DX,KOSPI200,34,17.6,-13.49,2.81,A1(외+연),23,A1(외+연),21.7,23,S(외+연+사),0.0,S(외+연+사):0%/4건 | A1(외+연):22%/23건 | A2(외+사):20%/5건 | B1(외+투신):0%/1건 | B2(연+사):0%/1건
064350,현대로템,KOSPI200,103,17.5,-13.24,-2.86,S(외+연+사),78,A2(외+사),41.7,12,A1(외+연),11.1,S(외+연+사):14%/78건 | A1(외+연):11%/9건 | A2(외+사):42%/12건 | B2(연+사):25%/4건
196170,알테오젠,KOSDAQ150,103,17.5,-14.4,-3.22,S(외+연+사),81,A2(외+사),23.1,13,A1(외+연),0.0,S(외+연+사):17%/81건 | A1(외+연):0%/7건 | A2(외+사):23%/13건 | B1(외+투신):0%/1건 | B2(연+사):100%/1건
103140,풍산,KOSPI200,75,17.3,-14.97,-7.55,S(외+연+사),36,B1(외+투신),50.0,4,B2(연+사),0.0,S(외+연+사):8%/36건 | A1(외+연):22%/18건 | A2(외+사):33%/12건 | B1(외+투신):50%/4건 | B2(연+사):0%/5건
036810,에프에스티,KOSDAQ150,35,17.1,-15.41,-0.93,B1(외+투신),13,A1(외+연),33.3,6,B1(외+투신),0.0,S(외+연+사):25%/4건 | A1(외+연):33%/6건 | A2(외+사):27%/11건 | B1(외+투신):0%/13건 | B2(연+사):0%/1건
034230,파라다이스,KOSPI200,70,17.1,-14.33,-2.49,S(외+연+사),22,A2(외+사),30.8,13,B1(외+투신),11.1,S(외+연+사):18%/22건 | A1(외+연):12%/17건 | A2(외+사):31%/13건 | B1(외+투신):11%/9건 | B2(연+사):11%/9건
071970,HD현대마린엔진,KOSPI200,78,16.7,-13.07,-2.81,S(외+연+사),37,A2(외+사),37.5,8,S(외+연+사),13.5,S(외+연+사):14%/37건 | A1(외+연):14%/21건 | A2(외+사):38%/8건 | B1(외+투신):14%/7건 | B2(연+사):20%/5건
086450,동국제약,KOSDAQ150,18,16.7,-8.99,-2.53,A2(외+사),6,A2(외+사),50.0,6,S(외+연+사),0.0,S(외+연+사):0%/5건 | A1(외+연):0%/3건 | A2(외+사):50%/6건 | B1(외+투신):0%/4건
081660,미스토홀딩스,KOSPI200,6,16.7,-10.1,-5.08,A1(외+연),4,A1(외+연),0.0,4,A1(외+연),0.0,A1(외+연):0%/4건 | A2(외+사):100%/1건 | B2(연+사):0%/1건
065350,신성델타테크,KOSDAQ150,6,16.7,-19.01,-8.59,A1(외+연),3,B1(외+투신),33.3,3,A1(외+연),0.0,A1(외+연):0%/3건 | B1(외+투신):33%/3건
347850,디앤디파마텍,KOSDAQ150,94,16.0,-13.84,13.59,S(외+연+사),45,B1(외+투신),50.0,2,B2(연+사),0.0,S(외+연+사):16%/45건 | A1(외+연):11%/9건 | A2(외+사):17%/35건 | B1(외+투신):50%/2건 | B2(연+사):0%/3건
041510,에스엠,KOSDAQ150,76,15.8,-12.41,-5.09,S(외+연+사),26,B1(외+투신),33.3,6,S(외+연+사),11.5,S(외+연+사):12%/26건 | A1(외+연):18%/22건 | A2(외+사):12%/16건 | B1(외+투신):33%/6건 | B2(연+사):17%/6건
466100,클로봇,KOSDAQ150,32,15.6,-13.52,6.32,A1(외+연),13,A2(외+사),40.0,5,S(외+연+사),0.0,S(외+연+사):0%/3건 | A1(외+연):8%/13건 | A2(외+사):40%/5건 | B1(외+투신):18%/11건
034220,LG디스플레이,KOSPI200,78,15.4,-10.31,-3.98,A1(외+연),34,A2(외+사),30.0,10,B1(외+투신),0.0,S(외+연+사):12%/26건 | A1(외+연):18%/34건 | A2(외+사):30%/10건 | B1(외+투신):0%/3건 | B2(연+사):0%/5건
060370,LS마린솔루션,KOSDAQ150,13,15.4,-13.76,-4.93,A1(외+연),8,B1(외+투신),33.3,3,A2(외+사),0.0,A1(외+연):12%/8건 | A2(외+사):0%/2건 | B1(외+투신):33%/3건
213420,덕산네오룩스,KOSDAQ150,60,15.0,-11.98,2.89,A1(외+연),17,B2(연+사),40.0,5,A2(외+사),6.7,S(외+연+사):18%/11건 | A1(외+연):12%/17건 | A2(외+사):7%/15건 | B1(외+투신):17%/12건 | B2(연+사):40%/5건
140860,파크시스템스,KOSDAQ150,60,15.0,-11.15,-2.77,A1(외+연),22,B1(외+투신),18.2,11,A1(외+연),13.6,S(외+연+사):17%/12건 | A1(외+연):14%/22건 | A2(외+사):14%/14건 | B1(외+투신):18%/11건 | B2(연+사):0%/1건
039200,오스코텍,KOSDAQ150,82,14.6,-13.15,5.45,S(외+연+사),37,A2(외+사),27.3,22,B1(외+투신),0.0,S(외+연+사):11%/37건 | A1(외+연):12%/16건 | A2(외+사):27%/22건 | B1(외+투신):0%/2건 | B2(연+사):0%/5건
114090,GKL,KOSPI200,7,14.3,-9.01,-6.11,A1(외+연),3,A1(외+연),33.3,3,B1(외+투신),0.0,A1(외+연):33%/3건 | B1(외+투신):0%/2건 | B2(연+사):0%/2건
021240,코웨이,KOSPI200,63,14.3,-10.07,-4.81,A1(외+연),33,B1(외+투신),42.9,7,S(외+연+사),0.0,S(외+연+사):0%/17건 | A1(외+연):18%/33건 | A2(외+사):0%/5건 | B1(외+투신):43%/7건 | B2(연+사):0%/1건
214430,아이쓰리시스템,KOSDAQ150,21,14.3,-11.38,13.82,A1(외+연),9,B2(연+사),33.3,3,S(외+연+사),0.0,S(외+연+사):0%/3건 | A1(외+연):11%/9건 | A2(외+사):0%/1건 | B1(외+투신):20%/5건 | B2(연+사):33%/3건
214370,케어젠,KOSDAQ150,28,14.3,-16.49,-1.07,A1(외+연),11,A2(외+사),25.0,8,S(외+연+사),0.0,S(외+연+사):0%/5건 | A1(외+연):9%/11건 | A2(외+사):25%/8건 | B1(외+투신):25%/4건
035760,CJ ENM,KOSDAQ150,14,14.3,-9.61,-6.78,A1(외+연),9,B1(외+투신),50.0,2,S(외+연+사),0.0,S(외+연+사):0%/2건 | A1(외+연):11%/9건 | A2(외+사):0%/1건 | B1(외+투신):50%/2건
0126Z0,삼성에피스홀딩스,KOSPI200,64,14.1,-13.85,2.87,S(외+연+사),45,A2(외+사),25.0,4,A1(외+연),7.7,S(외+연+사):16%/45건 | A1(외+연):8%/13건 | A2(외+사):25%/4건 | B1(외+투신):0%/1건 | B2(연+사):0%/1건
009540,HD한국조선해양,KOSPI200,100,14.0,-9.98,-2.09,S(외+연+사),57,A2(외+사),22.2,9,B1(외+투신),0.0,S(외+연+사):14%/57건 | A1(외+연):14%/28건 | A2(외+사):22%/9건 | B1(외+투신):0%/3건 | B2(연+사):0%/3건
257720,실리콘투,KOSDAQ150,87,13.8,-12.42,-3.84,S(외+연+사),38,B1(외+투신),50.0,6,A1(외+연),0.0,S(외+연+사):8%/38건 | A1(외+연):0%/5건 | A2(외+사):14%/29건 | B1(외+투신):50%/6건 | B2(연+사):22%/9건
053030,바이넥스,KOSDAQ150,15,13.3,-12.72,-8.33,A1(외+연),6,B1(외+투신),25.0,4,A2(외+사),0.0,S(외+연+사):0%/1건 | A1(외+연):17%/6건 | A2(외+사):0%/4건 | B1(외+투신):25%/4건
137400,피엔티,KOSDAQ150,15,13.3,-14.9,-2.88,B1(외+투신),8,A1(외+연),20.0,5,A2(외+사),0.0,A1(외+연):20%/5건 | A2(외+사):0%/2건 | B1(외+투신):12%/8건
232140,와이씨,KOSDAQ150,23,13.0,-13.1,4.23,B1(외+투신),16,A1(외+연),33.3,3,B1(외+투신),6.2,A1(외+연):33%/3건 | A2(외+사):25%/4건 | B1(외+투신):6%/16건
003230,삼양식품,KOSPI200,100,13.0,-11.82,-2.88,S(외+연+사),71,A2(외+사),14.3,14,A1(외+연),12.5,S(외+연+사):13%/71건 | A1(외+연):12%/8건 | A2(외+사):14%/14건 | B2(연+사):14%/7건
051910,LG화학,KOSPI200,101,12.9,-10.85,-0.26,S(외+연+사),65,S(외+연+사),16.9,65,A2(외+사),0.0,S(외+연+사):17%/65건 | A1(외+연):8%/25건 | A2(외+사):0%/5건 | B1(외+투신):0%/1건 | B2(연+사):0%/5건
399720,가온칩스,KOSDAQ150,16,12.5,-12.44,2.45,A1(외+연),10,A1(외+연),20.0,10,B1(외+투신),0.0,S(외+연+사):0%/1건 | A1(외+연):20%/10건 | A2(외+사):0%/1건 | B1(외+투신):0%/4건
060250,NHN KCP,KOSDAQ150,8,12.5,-12.49,5.57,A1(외+연),6,A1(외+연),0.0,6,A1(외+연),0.0,S(외+연+사):100%/1건 | A1(외+연):0%/6건 | B1(외+투신):0%/1건
376300,디어유,KOSDAQ150,48,12.5,-14.96,-4.14,A1(외+연),22,A2(외+사),28.6,7,S(외+연+사),0.0,S(외+연+사):0%/8건 | A1(외+연):14%/22건 | A2(외+사):29%/7건 | B1(외+투신):9%/11건
211050,인카금융서비스,KOSDAQ150,8,12.5,-14.09,-8.77,A2(외+사),4,A2(외+사),25.0,4,B1(외+투신),0.0,A1(외+연):0%/1건 | A2(외+사):25%/4건 | B1(외+투신):0%/3건
095610,테스,KOSDAQ150,73,12.3,-11.84,4.93,A1(외+연),30,A1(외+연),20.0,30,A2(외+사),0.0,S(외+연+사):6%/16건 | A1(외+연):20%/30건 | A2(외+사):0%/9건 | B1(외+투신):13%/15건 | B2(연+사):0%/3건
033500,동성화인텍,KOSDAQ150,33,12.1,-33.0,-1.68,A1(외+연),12,B2(연+사),50.0,2,S(외+연+사),0.0,S(외+연+사):0%/2건 | A1(외+연):8%/12건 | A2(외+사):17%/6건 | B1(외+투신):9%/11건 | B2(연+사):50%/2건
214450,파마리서치,KOSDAQ150,99,12.1,-17.93,-9.88,S(외+연+사),70,B1(외+투신),25.0,4,B2(연+사),0.0,S(외+연+사):13%/70건 | A1(외+연):14%/7건 | A2(외+사):7%/15건 | B1(외+투신):25%/4건 | B2(연+사):0%/3건
328130,루닛,KOSDAQ150,25,12.0,-13.46,-4.24,A2(외+사),9,B1(외+투신),20.0,5,S(외+연+사),0.0,S(외+연+사):0%/3건 | A1(외+연):12%/8건 | A2(외+사):11%/9건 | B1(외+투신):20%/5건
290650,엘앤씨바이오,KOSDAQ150,63,11.1,-15.6,7.06,S(외+연+사),16,B1(외+투신),18.8,16,S(외+연+사),6.2,S(외+연+사):6%/16건 | A1(외+연):14%/14건 | A2(외+사):6%/16건 | B1(외+투신):19%/16건 | B2(연+사):0%/1건
036540,SFA반도체,KOSDAQ150,9,11.1,-12.98,-1.32,B1(외+투신),6,B1(외+투신),16.7,6,A2(외+사),0.0,A1(외+연):0%/1건 | A2(외+사):0%/2건 | B1(외+투신):17%/6건
068760,셀트리온제약,KOSDAQ150,9,11.1,-11.95,-3.79,B1(외+투신),6,B1(외+투신),16.7,6,A1(외+연),0.0,A1(외+연):0%/2건 | A2(외+사):0%/1건 | B1(외+투신):17%/6건
272290,이녹스첨단소재,KOSDAQ150,18,11.1,-18.67,0.59,A1(외+연),6,A1(외+연),33.3,6,S(외+연+사),0.0,S(외+연+사):0%/2건 | A1(외+연):33%/6건 | A2(외+사):0%/6건 | B1(외+투신):0%/2건 | B2(연+사):0%/2건
180640,한진칼,KOSPI200,19,10.5,-12.25,-1.87,A1(외+연),12,A2(외+사),50.0,2,S(외+연+사),0.0,S(외+연+사):0%/2건 | A1(외+연):0%/12건 | A2(외+사):50%/2건 | B1(외+투신):50%/2건 | B2(연+사):0%/1건
006040,동원산업,KOSPI200,10,10.0,-9.46,-5.72,A1(외+연),4,B1(외+투신),25.0,4,A1(외+연),0.0,S(외+연+사):0%/1건 | A1(외+연):0%/4건 | A2(외+사):0%/1건 | B1(외+투신):25%/4건
052400,코나아이,KOSDAQ150,21,9.5,-13.83,-2.31,A1(외+연),7,A1(외+연),28.6,7,S(외+연+사),0.0,S(외+연+사):0%/4건 | A1(외+연):29%/7건 | A2(외+사):0%/5건 | B1(외+투신):0%/3건 | B2(연+사):0%/2건
323280,태성,KOSDAQ150,21,9.5,-20.03,5.03,B1(외+투신),14,A1(외+연),20.0,5,A2(외+사),0.0,A1(외+연):20%/5건 | A2(외+사):0%/2건 | B1(외+투신):7%/14건
089030,테크윙,KOSDAQ150,86,9.3,-16.62,-2.33,S(외+연+사),31,A1(외+연),16.0,25,A2(외+사),0.0,S(외+연+사):10%/31건 | A1(외+연):16%/25건 | A2(외+사):0%/13건 | B1(외+투신):7%/15건 | B2(연+사):0%/2건
003380,하림지주,KOSDAQ150,11,9.1,-13.17,-2.72,B1(외+투신),5,A1(외+연),33.3,3,A2(외+사),0.0,S(외+연+사):0%/1건 | A1(외+연):33%/3건 | A2(외+사):0%/2건 | B1(외+투신):0%/5건
278280,천보,KOSDAQ150,11,9.1,-17.76,-6.7,A2(외+사),6,A2(외+사),16.7,6,B1(외+투신),0.0,S(외+연+사):0%/1건 | A2(외+사):17%/6건 | B1(외+투신):0%/4건
0009K0,에임드바이오,KOSDAQ150,23,8.7,-17.53,-6.86,A2(외+사),14,A2(외+사),14.3,14,S(외+연+사),0.0,S(외+연+사):0%/4건 | A1(외+연):0%/3건 | A2(외+사):14%/14건 | B1(외+투신):0%/2건
358570,지아이이노베이션,KOSDAQ150,27,7.4,-16.68,-5.18,A2(외+사),12,A1(외+연),12.5,8,B1(외+투신),0.0,A1(외+연):12%/8건 | A2(외+사):8%/12건 | B1(외+투신):0%/7건
087010,펩트론,KOSDAQ150,96,6.2,-15.37,3.28,S(외+연+사),46,A1(외+연),11.1,9,B1(외+투신),0.0,S(외+연+사):9%/46건 | A1(외+연):11%/9건 | A2(외+사):3%/29건 | B1(외+투신):0%/9건 | B2(연+사):0%/3건
048410,현대바이오,KOSDAQ150,6,0.0,-29.8,-11.3,A2(외+사),4,A2(외+사),0.0,4,A2(외+사),0.0,A2(외+사):0%/4건 | B1(외+투신):0%/2건
042000,카페24,KOSDAQ150,11,0.0,-16.06,-9.4,B1(외+투신),7,A1(외+연),0.0,3,A1(외+연),0.0,A1(외+연):0%/3건 | A2(외+사):0%/1건 | B1(외+투신):0%/7건
036830,솔브레인홀딩스,KOSDAQ150,6,0.0,-14.28,-6.55,A1(외+연),5,A1(외+연),0.0,5,A1(외+연),0.0,A1(외+연):0%/5건 | B1(외+투신):0%/1건
018290,브이티,KOSDAQ150,25,0.0,-17.19,-13.77,A1(외+연),10,S(외+연+사),0.0,5,S(외+연+사),0.0,S(외+연+사):0%/5건 | A1(외+연):0%/10건 | A2(외+사):0%/2건 | B1(외+투신):0%/8건
032190,다우데이타,KOSDAQ150,4,0.0,-21.17,-10.6,A2(외+사),2,A2(외+사),0.0,2,A2(외+사),0.0,A2(외+사):0%/2건 | B1(외+투신):0%/2건
000240,한국앤컴퍼니,KOSPI200,7,0.0,-11.16,-2.34,A1(외+연),2,A1(외+연),0.0,2,A1(외+연),0.0,S(외+연+사):0%/1건 | A1(외+연):0%/2건 | A2(외+사):0%/2건 | B1(외+투신):0%/2건
336570,원텍,KOSDAQ150,12,0.0,-15.74,-9.54,B1(외+투신),6,A1(외+연),0.0,3,A1(외+연),0.0,A1(외+연):0%/3건 | A2(외+사):0%/3건 | B1(외+투신):0%/6건
033100,제룡전기,KOSDAQ150,6,0.0,-21.97,-11.01,A1(외+연),2,A1(외+연),0.0,2,A1(외+연),0.0,S(외+연+사):0%/1건 | A1(외+연):0%/2건 | A2(외+사):0%/2건 | B1(외+투신):0%/1건
056080,유진로봇,KOSDAQ150,8,0.0,-17.88,22.06,A1(외+연),3,A1(외+연),0.0,3,A1(외+연),0.0,A1(외+연):0%/3건 | A2(외+사):0%/2건 | B1(외+투신):0%/3건
056190,에스에프에이,KOSDAQ150,7,0.0,-15.85,-11.15,A1(외+연),6,A1(외+연),0.0,6,A1(외+연),0.0,A1(외+연):0%/6건 | B2(연+사):0%/1건
071320,지역난방공사,KOSPI200,6,0.0,-11.24,-2.41,B1(외+투신),4,A1(외+연),0.0,2,A1(외+연),0.0,A1(외+연):0%/2건 | B1(외+투신):0%/4건
008730,율촌화학,KOSPI200,3,0.0,-14.43,-12.49,S(외+연+사),1,N/A,0.0,0,N/A,0.0,S(외+연+사):0%/1건 | A1(외+연):0%/1건 | B1(외+투신):0%/1건
059090,미코,KOSDAQ150,15,0.0,-18.42,-9.36,A1(외+연),12,A1(외+연),0.0,12,A1(외+연),0.0,S(외+연+사):0%/1건 | A1(외+연):0%/12건 | B1(외+투신):0%/2건
041190,우리기술투자,KOSDAQ150,8,0.0,-18.15,-11.68,A1(외+연),3,S(외+연+사),0.0,2,S(외+연+사),0.0,S(외+연+사):0%/2건 | A1(외+연):0%/3건 | A2(외+사):0%/2건 | B1(외+투신):0%/1건
079370,제우스,KOSDAQ150,7,0.0,-16.3,-12.05,A2(외+사),7,A2(외+사),0.0,7,A2(외+사),0.0,A2(외+사):0%/7건
005300,롯데칠성,KOSPI200,7,0.0,-11.43,-5.07,B2(연+사),3,A1(외+연),0.0,2,A1(외+연),0.0,S(외+연+사):0%/1건 | A1(외+연):0%/2건 | A2(외+사):0%/1건 | B2(연+사):0%/3건
112040,위메이드,KOSDAQ150,5,0.0,-10.83,-4.16,A2(외+사),5,A2(외+사),0.0,5,A2(외+사),0.0,A2(외+사):0%/5건
082270,젬백스,KOSDAQ150,10,0.0,-20.82,-5.2,B1(외+투신),6,A1(외+연),0.0,3,A1(외+연),0.0,A1(외+연):0%/3건 | B1(외+투신):0%/6건 | B2(연+사):0%/1건
161580,필옵틱스,KOSDAQ150,23,0.0,-21.88,-10.6,B1(외+투신),13,S(외+연+사),0.0,2,S(외+연+사),0.0,S(외+연+사):0%/2건 | A1(외+연):0%/5건 | A2(외+사):0%/3건 | B1(외+투신):0%/13건
096530,씨젠,KOSDAQ150,4,0.0,-7.6,-3.15,B1(외+투신),4,B1(외+투신),0.0,4,B1(외+투신),0.0,B1(외+투신):0%/4건
253590,네오셈,KOSDAQ150,9,0.0,-17.06,-0.41,A2(외+사),6,A2(외+사),0.0,6,A2(외+사),0.0,A2(외+사):0%/6건 | B1(외+투신):0%/3건
001800,오리온홀딩스,KOSPI200,3,0.0,-9.96,-1.42,A1(외+연),2,A1(외+연),0.0,2,A1(외+연),0.0,A1(외+연):0%/2건 | A2(외+사):0%/1건
003090,대웅,KOSPI200,3,0.0,-12.08,-7.35,S(외+연+사),2,S(외+연+사),0.0,2,S(외+연+사),0.0,S(외+연+사):0%/2건 | A1(외+연):0%/1건
293490,카카오게임즈,KOSDAQ150,3,0.0,-16.28,-12.62,B1(외+투신),2,B1(외+투신),0.0,2,B1(외+투신),0.0,A2(외+사):0%/1건 | B1(외+투신):0%/2건
304100,솔트룩스,KOSDAQ150,3,0.0,-19.43,-9.4,A1(외+연),3,A1(외+연),0.0,3,A1(외+연),0.0,A1(외+연):0%/3건
460930,현대힘스,KOSDAQ150,3,0.0,-18.27,-14.0,A1(외+연),1,N/A,0.0,0,N/A,0.0,A1(외+연):0%/1건 | A2(외+사):0%/1건 | B1(외+투신):0%/1건
